{
  "@pnp/generator-spfx": {
    "framework": "react",
    "pnpFramework": "reactjs.plus",
    "pnp-libraries": [
      "@pnp/pnpjs",
      "ouifr@7",
      "rush@3.3"
    ],
    "pnp-ci": "no-devops",
    "pnp-vetting": [
      "webpack-analyzer"
    ],
    "spfxenv": "spo",
    "pnp-testing": []
  },
  "@microsoft/generator-sharepoint": {
    "environment": "spo",
    "framework": "react",
    "isCreatingSolution": true,
    "version": "1.11.0",
    "libraryName": "spfx-page-comments-webpart",
    "libraryId": "17e2d1fd-3215-4303-8df3-2382acbbbab8",
    "packageManager": "npm",
    "isDomainIsolated": false,
    "componentType": "webpart"
  }
}